source,area,recall,primary,secondary,inaccuracy,misdirection
nyt,96,0.8962264150943396,0.6698113207547169,0.22641509433962265,0.11724137931034483,0.05263157894736842
npr,96,0.7924528301886793,0.5566037735849056,0.2358490566037736,0.18493150684931506,0.11904761904761904
guardian,104,0.8207547169811321,0.6132075471698113,0.20754716981132076,0.1619718309859155,0.12643678160919541
wp,96,0.8584905660377359,0.6132075471698113,0.24528301886792453,0.1527777777777778,0.0989010989010989
fivethirtyeight,88,0.8557692307692307,0.6153846153846154,0.2403846153846154,0.1510791366906475,0.10112359550561797
bloomberg,96,0.8461538461538461,0.5961538461538461,0.25,0.17482517482517482,0.10227272727272728